-- MySQL dump 10.16  Distrib 10.1.14-MariaDB, for Linux (i686)
--
-- Host: localhost    Database: dankotuwa
-- ------------------------------------------------------
-- Server version	10.1.14-MariaDB

/*!40101 SET @OLD_CHARACTER_SET_CLIENT=@@CHARACTER_SET_CLIENT */;
/*!40101 SET @OLD_CHARACTER_SET_RESULTS=@@CHARACTER_SET_RESULTS */;
/*!40101 SET @OLD_COLLATION_CONNECTION=@@COLLATION_CONNECTION */;
/*!40101 SET NAMES utf8 */;
/*!40103 SET @OLD_TIME_ZONE=@@TIME_ZONE */;
/*!40103 SET TIME_ZONE='+00:00' */;
/*!40014 SET @OLD_UNIQUE_CHECKS=@@UNIQUE_CHECKS, UNIQUE_CHECKS=0 */;
/*!40014 SET @OLD_FOREIGN_KEY_CHECKS=@@FOREIGN_KEY_CHECKS, FOREIGN_KEY_CHECKS=0 */;
/*!40101 SET @OLD_SQL_MODE=@@SQL_MODE, SQL_MODE='NO_AUTO_VALUE_ON_ZERO' */;
/*!40111 SET @OLD_SQL_NOTES=@@SQL_NOTES, SQL_NOTES=0 */;

--
-- Table structure for table `category`
--

DROP TABLE IF EXISTS `category`;
/*!40101 SET @saved_cs_client     = @@character_set_client */;
/*!40101 SET character_set_client = utf8 */;
CREATE TABLE `category` (
  `CategoryID` bigint(30) NOT NULL AUTO_INCREMENT,
  `CategoryName` varchar(30) DEFAULT NULL,
  PRIMARY KEY (`CategoryID`)
) ENGINE=InnoDB AUTO_INCREMENT=4 DEFAULT CHARSET=utf8;
/*!40101 SET character_set_client = @saved_cs_client */;

--
-- Dumping data for table `category`
--

LOCK TABLES `category` WRITE;
/*!40000 ALTER TABLE `category` DISABLE KEYS */;
INSERT INTO `category` VALUES (1,'Blue rose'),(2,'Livy'),(3,'Lasting rose'),(4,'Blue rose'),(5, 'New Romantic'),(6, 'Liyatham'),(7, 'Blue Winter'),(8, 'W.Ivo'),(9, 'Allure'),(10, 'Gold Mix'),(11, 'Gold Spiral'),(12, 'Pltinum mix'),(13, 'Silver mix'),(14, 'C-avi Gold'),(15, 'C -avi Plati'),(16, 'Green Flower'),(17, 'Bambo Leaf'),(18, 'Ethic Flower'),(19, 'Piros'),(20, 'Style Flower'),(21, 'Charm'),(22, 'Apple Grapes'),(23, 'Gold mix'),(24, 'silver mix'),(25, 'Platinum mix'),(26, 'G. Spiral');
/*!40000 ALTER TABLE `category` ENABLE KEYS */;
UNLOCK TABLES;

--
-- Table structure for table `dealer`
--

DROP TABLE IF EXISTS `dealer`;

CREATE TABLE `dealer` (
  `DealerID` bigint(30) NOT NULL AUTO_INCREMENT,
  `Name` varchar(30) DEFAULT NULL,
  `Geo_lat` varchar(9) DEFAULT NULL,
  `Geo_lng` varchar(9) DEFAULT NULL,
  `City` varchar(20) DEFAULT NULL,
  `Address` varchar(40) DEFAULT NULL,
  `Phone` int(10) DEFAULT NULL,
  PRIMARY KEY (`DealerID`)
) ENGINE=InnoDB AUTO_INCREMENT=3 DEFAULT CHARSET=utf8;

LOCK TABLES `dealer` WRITE;

INSERT INTO `dealer` VALUES
(1,'MR. MARSUK','6.936697','79.8508339','COLOMBO','NO. 106 , 1ST CROSS STREET,COLOMBO 11',0112423728),
(2,'MR.RANJAN','7.0928812','79.994663','GAMPAHA','MANGALA ROAD,GAMPAHA.',0332225259),
(3,'MR. NISSANKA','6.8729147','79.8914526','NUGEGODA','NO. 29, SUPER MARKET,NUGEGODA.',0115628239),
(4,'MS.PRIYADARSHANI','6.706874','79.9085884','KALUTARA','NO.169, GALLE ROADKALUTARA.',0342222561),
(5,'MR.ANANDAN','7.0661319','80.5984317','PUSSELLAWA','NO.506,N-ELIYA ROAD,PUSSELLAWA.',0812478252),
(6,'MR.PRIYADARSHANA','6.9540221','80.2107389','AVISSAWELLA','NO.16A,COLOMBO ROAD,AVISSAWELLA.',0365675640),
(7,'MR.KAPILA','7.9306474','81.032735','KADURUWELA','MAIN STREET,KADURUWELA.',0272222145),
(8,'MR. SUNIL','6.94153285','79.8540366228431','KOCHCHIKADE','NO .50, KAMMALTHOTA,KOCHCHIKADE.',0777279265),
(9,'MR. AMEER','6.9393273','79.8525151','COLOMBO','NO: 09CHINA STREET,COLOMBO 11.',0112329271),
(10,'MR.HASHIM','6.9393273','79.8525151','COLOMBO','NO.10,CHINA STREET,COLOMBO 11.',0112324567),
(11,'MR.PERERA','7.0028965','79.9550933','KADAWATHA','NO.86,KANDY ROAD,KADAWATHA.',0112925325),
(12,'MR.MICHAEL','7.0478181','79.896959','KANDANA','NO.26,MAIN STREET,KANDANA.',0112239920),
(13,'MR.RAMYASIRI','6.8465001','79.9276204','MAHARAGAMA','NO.03, HIGH LEVEL ROAD,MAHARAGAMA.',0112850255),
(14,'MR.NANDASIRI','6.8433037','80.0034918','COLOMBO','NO.30, STATION ROAD,HOMAGAMA.',0112748532),
(15,'MR.RIZWAN/ MR. MOBARAK','6.6803691','80.4022975','RATNAPURA','NO.105,MAIN STREET,RATHNAPURA.',0452222059),
(16,'MRS.LINIKA','6.8018439','79.9227034','PILIYANDALA','NO. 15/1, YMBA BUILDING,PILIYANDALA.',0112615446),
(17,'MR. CHANDIKA','6.3340647','80.8538325','EMBILIPITIYA','MAIN STREET,EMBILIPITIYA.',0472261157),
(18,'MR.BANDARA','6.8694343','79.8894412','NUGEGODA','NO.16, HIGH LEVEL ROAD,NUGEGODA.',0112825268),
(19,'MR.BAGASRAWALA','6.9898202','81.0569425','BADULLA','NO.08,BAZZAR STREET,BADULLA.',0552222296),
(20,'MR.WIJESURIYA','6.8306703','80.9894924','BANDARAWELA','NO.40,MAIN STREET,BANDARAWELA.',0572222566),
(21,'MR.JAYANTHA','6.9738157','80.7670673','N-ELIYA','NO.06,MODEL MARKET,MAIN STREET,N-ELIYA.',0522222466),
(22,'MR.JANITH','7.2944808','80.635635','KANDY','COLOMBO STREETKANDY.',0662223250),
(23,'MR. MOHAN','7.2944808','80.635635','KANDY','NO. 56,COLOMBO STREET,KANDY.',0812224441),
(24,'MR. PATHIRANA','7.2909946','81.6756629','AMPARA','D. S. SENANAYAKE STREET,AMPARA.',632222463),
(25,'MR.WIJESURIYA','6.2353731','80.0543611','AMBALANGODA','NO.10, STATION ROAD,AMBALANGODA.',0912258152),
(26,'MR. SHAMIEEN','5.9461235','80.5527437','MATARA','OLD TANGALLE ROAD,MATARA.',0412229536),
(27,'MR.A.W.A.NIFFAR','7.2090206','79.8404418','NEGOMBO','NO.11,SUPER MARKET,NEGOMBO.',0312233435),
(28,'MR.U.B. WEERAKOON','6.975632','79.9247203','KIRIBATHGODA','NO.89/89A,KANDY ROAD,KIRIBATHGODA.',0112910101),
(29,'MR. JUDE FERNANDO','7.4642259','79.8274594','MAHAWAWA','COLOMBO ROAD,MAHAWAWA.',0322254304),
(30,'MR.V.KUMARASINGHA','7.8774361','80.0109326','ANAMADUWA','NO:55,PUTLAM ROAD,ANAMADUWA.',0322263536),
(31,'MR. JANAKA','6.3340647','80.8538325','EMBILIPITIYA','MAIN STREET,EMBILIPITIYA.',0472230072),
(32,'NO NAME','8.7558362','80.5005386','VAUNIYA','NO : 29, DHARMALINGAM ROAD,VAUNIYA.',24222283),
(33,'MR.SILVA','6.906808','80.9204461','WELIMADA','NO.50,BADULLA ROAD,WELIMADA.',0572244506),
(34,'NO.84,BANK SIDE,','8.3354139','80.4080552','ANURADHAPURA','ANURADHAPURA.',0252222640),
(35,'MR.THASLIM','8.0408145','80.5971595','KEKIRAWA','ANURADHAPURA ROAD,KEKIRAWA.',0252263284),
(36,'MR. LALITH','6.1118528','81.0518284976946','AMBALANTHOTA','MAIN STREET,AMBALANTHOTA.',0472223298),
(37,'MR.PIYARATHNA','7.33618005','80.3002929652516','POLGAHAWELA','KURUNEGALA ROAD,GODAWELA,POLGAHAWELA.',0372243358),
(38,'MR.HUSALEEN','7.3668465','80.1488431','KURUNEGALA','NO.19,PARAKUMBA STREET,KURUNEGALA.',0374922997),
(39,'MR. A. ATHUKORALA','7.2532249','80.3461307','KEGALLE','KANDY ROAD,KEGALLE.',0352222419),
(40,'MR. DANASIRI','7.4621612','80.0790652','KULIYAPITIYA','NO. 212 , MADAMPA ROAD,KULIYAPITIYA.',0372283067),
(41,'MR.ROHAN RANASINGHA','6.9341161','79.84478','COLOMBO','NO.40,YORK STREET,COLOMBO 01.',0112427500),
(42,'MR. CHANDIMAL','5.9450134','80.5425121','MATARA','NO. 05, WILFRED GUNASEKARA MAWATHA,MATARA.',0412223638),
(43,'MR.DHARMASIRI','6.0346306','80.2122467','GALLE','NO. 34, KALUWELLA,GALLE.',0912234422),
(44,'MR.KUMARA - (K MART KADUWELLA)','6.9367085','79.9838148','KADUWELA','NO.66, NEW KANDY ROAD,KADUWELA.',0112539862),
(45,'MR.LIYANAGE.','6.5959174','80.4575962','NIWITHIGALA','NO.05,KALAWANA ROAD,NIWITHIGALA.',0452279901),
(46,'MR.ARUMUGAN','7.2274041','79.8512158','NEGOMBO','NO. 133, DALUPOTHA,NEGOMBO.',0602313919),
(47,'MS.HETTIARACHCHI','6.8720197','79.8618219','COLOMBO','(MARKET MAKERS (PVT) LTD)292,GALLE ROAD,COLOMBO 03.',0112565621),
(48,'MRS. SAKUNTHALA','6.8975578','79.8519591','COLOMBO','NO. 696 ,GALLE ROAD,COLOMBO 3.',0112589349),
(49,'NO NAME','6.8649414','79.8843627','COLOMBO','NO: 44,GREEN PATH,COLOMBO 03.',0112575365),
(50,'MR. KARUNARATHNA','7.9294123','80.2927174','AMBANPOLA','NO: 17EHETUWEWA ROAD,AMBANPOLA.',0372253113),
(51,'MR.ROY','6.9885664','81.0662546','HANWELLA','NO 24,MAIN STREET,HANWELLA.',0362255736),
(52,'MR. ASHLY TUDER JAYASINGHE.','7.4879684','80.3626066','KURUNEGALA','NO: 03,ST. ANNES STREET,KURUNEGALA.',0372225687),
(53,'W.M.GUNASEKERA','6.8436971','80.8983797','WELIMADA','NO:59,NUWARA ELIYA ROAD,WELIMADA.',0572245120),
(54,'NO NAME','6.8783592','79.8581413','COLOMBO 06','ART OF LIVING,33 1/3, FLAZA COMPLEX,GALLE ROAD,COLOMBO 06.',0777416690),
(55,'MR.LUXMAN PREARATHNA','7.6198111','80.2461477','WARIYAPOLA','NO.05,KURUNEGALA ROAD,WARIYAPOLA.',0372268447),
(56,'M.M.P.SUSIL FERNANDO','7.3788846','79.8292257','KATUNERIYA','CHILAW ROAD,KATUNERIYA.',0312256199),
(57,'MR.H.R.DE SILVA','6.9465986','80.2127463','AVISSAWELLA','NO.57,RATHNAPURA ROAD,AVISSAWELLA.',0362222321),
(58,'MR.STANLEY SIRIMANNA','6.8744332','79.8591763','DEHIWALA','NO.239,GALLE ROAD,DEHIWALA.',0112712568),
(59,'M.M.M.MILFER','6.9018582','79.8526949','DEHIWALA','NO.401/A,R.A.DEMEL MAWATHA,COLOMBO 03.',0115553575),
(60,'SHIRAMA K. AMARASEKARA','6.868847','79.8849143','COLOMBO','157,S.D.S.JAYASINGHA MAWATHANUGEGODA.',0112826390),
(61,'MR.M.S.M.MANEER','7.1260389','80.0684667','KALAGEDIHENA','NO.110,KANDY ROAD,TIHARIYA,KALAGEDIHENA.',0332287130),
(62,'MR.A.MOHANRAJ','6.8767556','79.8584347','COLOMBO','NO.89,GALLE ROAD,WELLAWATTA,COLOMBO - 06.',0112553294),
(63,'MS. M.J.TIDAKSHI LAKMINI','7.093794','79.8854743','WATTALA','NO: 625,NEGOMBO ROAD,MABOLE,WATTALA.',0115353443),
(64,'UPALE PREMATHILAKA','7.3200776','79.9643881','SANDA LANKAWA','KURUNEGALA ROAD,SANDA LANKAWA.',0726076013),
(65,'J.M.NIHAL','7.1117076','80.0496289','NITTAMBUWA','NO: 03,KANDY ROAD,NITTAMBUWA.',0337210850),
(66,'MR.UPUL','6.8941972','80.5936432','HATTON','NO:119DIMBULLA ROAD,HATTON.',0512225068),
(67,'MR.LALITH PERERA','6.8751257','79.899238','NUGEGODA','NO: 03, OLD KOTTAWA ROAD,JUBILEE POST,MIRIHANA,NUGEGODA.',0112820375),
(68,'MR.DADLEY DE SILVA','6.7929603','79.8763518','MORATUWA','NO: 04KATUBEDDA SHOPPING COMPLEX,GALLE ROAD,MORATUWA.',0112611580),
(69,'NO NAME','6.8854817','79.854017','COLOMBO','NO: 36,MELBOURNE AVENUE,COLOMBO 04.',0112590291),
(70,'MR. T.D.C. PUSHPAKUMARA','6.9609608','79.9935794','MALABE','NO: 831/B,NEW KANDY ROAD,MALABE.',0114911060),
(71,'MS. SRIMATHI','6.8772464','79.9899292','ATHURUGIRIYA','NO: 55MAIN STREET,ATHURUGIRIYA.',0112560625),
(72,'MR.R.B.M. WIJESINGHE','6.6479256','80.7014023','BALANGODA','NO: 22,MAIN STREET,BALANGODA.',0452287217),
(73,'NO NAME','6.6235845','80.5430483','PELMADULLA','NO: 64,MAIN STREET,PELMADULLA.',0452274828),
(74,'MS.DARMALATHA','6.9207123','79.8699143','COLOMBO','NO: 993,MARADANA ROAD,COLOMBO 03.',0112667668),
(75,'L.A.K. DE SILVA','6.9035915','79.8498787','COLOMBO','NO: 146,GALLE ROAD,WLLAWATTA.',0773431655);

UNLOCK TABLES;


--
-- Table structure for table `dealer_rep_order`
--

DROP TABLE IF EXISTS `dealer_rep_order`;
/*!40101 SET @saved_cs_client     = @@character_set_client */;
/*!40101 SET character_set_client = utf8 */;
CREATE TABLE `dealer_rep_order` (
  `EmployeeID` bigint(30) NOT NULL,
  `OrderNumber` bigint(30) NOT NULL,
  `DealerID` bigint(30) NOT NULL,
  `Correct_location` int(1) DEFAULT NULL,
  PRIMARY KEY (`EmployeeID`,`OrderNumber`,`DealerID`),
  KEY `fk_oID` (`OrderNumber`),
  KEY `fk_dealer` (`DealerID`),
  CONSTRAINT `fk_dealer` FOREIGN KEY (`DealerID`) REFERENCES `dealer` (`DealerID`) ON DELETE CASCADE ON UPDATE CASCADE,
  CONSTRAINT `fk_emp` FOREIGN KEY (`EmployeeID`) REFERENCES `sales_representative` (`EmployeeID`) ON DELETE CASCADE ON UPDATE CASCADE,
  CONSTRAINT `fk_oID` FOREIGN KEY (`OrderNumber`) REFERENCES `order_info` (`OrderNumber`) ON DELETE CASCADE ON UPDATE CASCADE
) ENGINE=InnoDB DEFAULT CHARSET=utf8;
/*!40101 SET character_set_client = @saved_cs_client */;

--
-- Dumping data for table `dealer_rep_order`
--

LOCK TABLES `dealer_rep_order` WRITE;
/*!40000 ALTER TABLE `dealer_rep_order` DISABLE KEYS */;
INSERT INTO `dealer_rep_order` VALUES (1,1,1,1),(1,3,1,1),(2,2,2,0),(2,29,1,1),(3,30,1,1);
/*!40000 ALTER TABLE `dealer_rep_order` ENABLE KEYS */;
UNLOCK TABLES;

--
-- Table structure for table `order_info`
--

DROP TABLE IF EXISTS `order_info`;
/*!40101 SET @saved_cs_client     = @@character_set_client */;
/*!40101 SET character_set_client = utf8 */;
CREATE TABLE `order_info` (
  `OrderNumber` bigint(30) NOT NULL AUTO_INCREMENT,
  `Epoch` bigint(10) DEFAULT NULL,
  `sign` text(500),
  `Remote` boolean,
  PRIMARY KEY (`OrderNumber`)
) ENGINE=InnoDB AUTO_INCREMENT=31 DEFAULT CHARSET=utf8;
/*!40101 SET character_set_client = @saved_cs_client */;

--
-- Dumping data for table `order_info`
--

LOCK TABLES `order_info` WRITE;
/*!40000 ALTER TABLE `order_info` DISABLE KEYS */;
INSERT INTO `order_info` VALUES (1,1471341682, "sdfdf232", 1),(2,1471341100, "sdfdf232", 0),(3,1471341699, "sdfdf232", 0),(29,1471451040, "sdfdf232", 1),(30,1471939714, "sdfdf232", 0);
/*!40000 ALTER TABLE `order_info` ENABLE KEYS */;
UNLOCK TABLES;

--
-- Table structure for table `order_product`
--

DROP TABLE IF EXISTS `order_product`;
/*!40101 SET @saved_cs_client     = @@character_set_client */;
/*!40101 SET character_set_client = utf8 */;
CREATE TABLE `order_product` (
  `OrderNumber` bigint(30) NOT NULL,
  `ProductID` bigint(30) NOT NULL,
  `CategoryID` bigint(30) NOT NULL,
  `Quantity` bigint(20) DEFAULT NULL,
  `InvoicedQuantity` bigint(20) DEFAULT NULL,
  PRIMARY KEY (`OrderNumber`,`ProductID`,`CategoryID`),
  KEY `fk_product` (`ProductID`),
  KEY `fk_category` (`CategoryID`),
  CONSTRAINT `fk_category` FOREIGN KEY (`CategoryID`) REFERENCES `category` (`CategoryID`) ON DELETE CASCADE ON UPDATE CASCADE,
  CONSTRAINT `fk_product` FOREIGN KEY (`ProductID`) REFERENCES `product` (`ProductID`) ON DELETE CASCADE ON UPDATE CASCADE
) ENGINE=InnoDB DEFAULT CHARSET=utf8;
/*!40101 SET character_set_client = @saved_cs_client */;

--
-- Dumping data for table `order_product`
--

LOCK TABLES `order_product` WRITE;
/*!40000 ALTER TABLE `order_product` DISABLE KEYS */;
INSERT INTO `order_product` VALUES (1,1,3,2,NULL),(1,2,2,2,NULL),(2,1,1,3,NULL),(2,2,1,3,NULL),(2,3,3,3,NULL),(3,2,1,1,NULL),(3,3,3,1,NULL),(29,2,2,4,NULL),(29,2,3,3,NULL),(30,1,1,2,NULL),(30,2,2,1,NULL);
/*!40000 ALTER TABLE `order_product` ENABLE KEYS */;
UNLOCK TABLES;

--
-- Table structure for table `product`
--

DROP TABLE IF EXISTS `product`;
/*!40101 SET @saved_cs_client     = @@character_set_client */;
/*!40101 SET character_set_client = utf8 */;
CREATE TABLE `product` (
  `ProductID` bigint(30) NOT NULL AUTO_INCREMENT,
  `ProductName` varchar(30) DEFAULT NULL,
  `Price` varchar(30) DEFAULT NULL,
  PRIMARY KEY (`ProductID`)
) ENGINE=InnoDB AUTO_INCREMENT=4 DEFAULT CHARSET=utf8;
/*!40101 SET character_set_client = @saved_cs_client */;

--
-- Dumping data for table `product`
--

LOCK TABLES `product` WRITE;
/*!40000 ALTER TABLE `product` DISABLE KEYS */;
INSERT INTO `product` VALUES (1,'Dinner plate','10'),(2,'Salad plate','15'),(3,'Cereak bowl','15'),(4, 'Dinner Plate' , '10'),(5, 'Salad Plate', '10'),(6, 'Cereral Bowl', '10'),(7, 'Fruit Saucer', '10'),(8, 'Large S.Bowl/Baker', '10'),(9, 'Chop Plate', '10'),(10,'14 Platter', '10'),(11,'16 Platter', '10'),(12,'Finger Bowl', '10'),(13,'Water Jug', '10'),(14,'Cassserole', '10'),(15,'B B Plate', '10'),(16,'Sugar Bowl', '10'),(17,'Creamer', '10'),(18,'Mug Cup -699', '10'),(19,'Mug Saucer-697', '10'),(20,'Tea Cup', '10'),(21,'Tea Saucer', '10'),(22,'Coffee Cup', '10'),(23,'Coffee Saucer', '10'),(24,'Tea Pot', '10'),(25,'Coffee Pot', '10'),(26,'Tea Mug', '10'),(27,'7 pcs Fruit Set', '10'),(28,'8 pcs Cake Set', '10'),(29,'8 pcs Soup Set', '10'),(30,'15 Pcs Tea Set', '10'),(31,'17 Pcs Coffee Set' , '10'),(32,'17 Pcs Tea Set', '10'),(33,'21 Pcs Dinner Set', '10'),(34,'24 Pcs Tea Set', '10'),(35,'27 Pcs Dinner Set', '10'),(36,'35 Pcs Dinner Set', '10'),(37,'93 Pcs Dinner Set', '10'),(38,'12 Pcs Dinner Set', '10'),(39, '12 Pcs Tea Set', '10');
/*!40000 ALTER TABLE `product` ENABLE KEYS */;
UNLOCK TABLES;

--
-- Table structure for table `sales_representative`
--

DROP TABLE IF EXISTS `sales_representative`;
/*!40101 SET @saved_cs_client     = @@character_set_client */;
/*!40101 SET character_set_client = utf8 */;
CREATE TABLE `sales_representative` (
  `EmployeeID` bigint(30) NOT NULL AUTO_INCREMENT,
  `Name` varchar(30) DEFAULT NULL,
  `UserName` varchar(30) DEFAULT NULL,
  `Email` varchar(30) DEFAULT NULL,
  PRIMARY KEY (`EmployeeID`)
) ENGINE=InnoDB AUTO_INCREMENT=4 DEFAULT CHARSET=utf8;
/*!40101 SET character_set_client = @saved_cs_client */;

--
-- Dumping data for table `sales_representative`
--

LOCK TABLES `sales_representative` WRITE;
/*!40000 ALTER TABLE `sales_representative` DISABLE KEYS */;
INSERT INTO `sales_representative` VALUES (1,'Udara Nanayakkara','udara','udara@dankotuwa.com'),(2,'Anuradha Perera','anup','anup@dankotuwa.com'),(3,'Malith Senaweera','malithsen','malithsenaweera@gmail.com');
/*!40000 ALTER TABLE `sales_representative` ENABLE KEYS */;
UNLOCK TABLES;
/*!40103 SET TIME_ZONE=@OLD_TIME_ZONE */;

/*!40101 SET SQL_MODE=@OLD_SQL_MODE */;
/*!40014 SET FOREIGN_KEY_CHECKS=@OLD_FOREIGN_KEY_CHECKS */;
/*!40014 SET UNIQUE_CHECKS=@OLD_UNIQUE_CHECKS */;
/*!40101 SET CHARACTER_SET_CLIENT=@OLD_CHARACTER_SET_CLIENT */;
/*!40101 SET CHARACTER_SET_RESULTS=@OLD_CHARACTER_SET_RESULTS */;
/*!40101 SET COLLATION_CONNECTION=@OLD_COLLATION_CONNECTION */;
/*!40111 SET SQL_NOTES=@OLD_SQL_NOTES */;

-- Dump completed on 2016-08-23 21:27:30
